{
    "epocs": 1, 
    "hidden": 529, 
    "learning_rate": 0.001, 
    "loss_history": [
        2.3025357158136894, 
        2.3024156881323607, 
        2.3020985316102416, 
        2.3016316486895843, 
        2.3014865181527053, 
        2.3008855809154904, 
        2.3007015958911263, 
        2.2994845663099839, 
        2.299126891429836, 
        2.2986309896658734, 
        2.2982359614477108, 
        2.2965655762279393, 
        2.2951660668059013, 
        2.2927813525795981, 
        2.2943609276787673, 
        2.2878265993768538, 
        2.2866252321273581, 
        2.2817627727597944, 
        2.2802086526726759, 
        2.2754017472159251, 
        2.2755373869129447, 
        2.2621489741006711, 
        2.2506017605677289, 
        2.2404824942003652, 
        2.2389646001069865, 
        2.2550910745376394, 
        2.2163137552972132, 
        2.2095777352461274, 
        2.1957262890775757, 
        2.1928782515846557, 
        2.1293015795835388, 
        2.2173324155670966, 
        2.1805076634289025, 
        2.1617610115310484, 
        2.1309544364059647, 
        2.1441557352306724, 
        2.1603502019227458, 
        2.1329248691462661, 
        2.0914814182667856, 
        2.1480483469800182, 
        2.0644755591827457, 
        2.0640931463891534, 
        2.071632608397167, 
        2.1055286491200014, 
        2.0536293846180498, 
        2.0372769501062309, 
        2.0319516809487541, 
        2.1165245769813659, 
        2.0621819535473653, 
        2.0960092864791711, 
        2.0394071510805576, 
        2.0661179876279774, 
        2.0673063015670228, 
        2.0526995679817417, 
        2.0417067246017573, 
        2.0632576233544855, 
        2.0622332124443181, 
        1.9900466405979687, 
        2.0291245940381613, 
        1.9860079498585856, 
        2.0091636633168091, 
        2.0619764146569879, 
        1.9797154781247692, 
        2.0593268670770417, 
        2.027513199909253, 
        1.9864093851249065, 
        1.9808965029782839, 
        2.0005887951203136, 
        1.9286013536458098, 
        1.9360756138984796, 
        1.9310782367924459, 
        1.9409160166171773, 
        1.9950081398285344, 
        1.956599572280848, 
        1.9345717288679043, 
        1.9213517877914781, 
        1.9945950235786218, 
        1.8796677462636693, 
        1.8843072149993834, 
        1.91423786238945, 
        1.9383490232303835, 
        2.0091757402386818, 
        1.9314619171848078, 
        1.9755720770621119, 
        1.9054110827731856, 
        1.9293432044561449, 
        1.8725742271636194, 
        1.8350989579338142, 
        1.8371194650659368, 
        1.9957553119794986, 
        1.9567710807017831, 
        1.9904124088245021, 
        1.9625062293763964, 
        1.9293776932808562, 
        1.944547364670185, 
        1.8588573980186458, 
        1.8372488841177035, 
        1.9279276675310264, 
        1.8477808235033848, 
        1.8553372889695492, 
        1.8792996321818087, 
        1.8798154320328211, 
        1.9597917303660615, 
        1.9283697031167473, 
        1.8287645900889491, 
        1.8697012765977692, 
        1.8791138728459034, 
        1.8083055993778776, 
        1.8860270174146907, 
        1.9002397523736818, 
        1.8234296500526415, 
        1.855123276016313, 
        1.7931315978451574, 
        1.8245971564141699, 
        1.8741598211440658, 
        1.9277665614259005, 
        1.8810284749694264, 
        1.8191028724058107, 
        1.7615585144293386, 
        1.7522126054762466, 
        1.9020436994961671, 
        1.7774197155522371, 
        1.7698826228678508, 
        1.8095240695962511, 
        1.8480437607836688, 
        1.8822565860186857, 
        1.7166345842756461, 
        1.8323147591427265, 
        1.7936586086951682, 
        1.8654434287624668, 
        1.8333921326739238, 
        1.783712757542798, 
        1.8052576235778581, 
        1.8208092103589284, 
        1.9137834161143916, 
        1.8884059743060482, 
        1.7704555416775341, 
        1.8812145992724845, 
        1.8391702232314917, 
        1.8313680222124056, 
        1.7477840884906486, 
        1.7014589935871132, 
        1.8672361535518149, 
        1.8038073828281935, 
        1.7714029570174425, 
        1.6584052247860286, 
        1.861234891492801, 
        1.8003218130691117, 
        1.8247056214837394, 
        1.7873790011838386, 
        1.6533714343744992, 
        1.7455020205724863, 
        1.8396249522851311, 
        1.7470236622625002, 
        1.7201592091097009, 
        1.8348568359472051, 
        1.7854353750052967, 
        1.8665102156599302, 
        1.7971245440120616, 
        1.7443441331437712, 
        1.7192164347598979, 
        1.7506650890441027, 
        1.7775430583279885, 
        1.6920851676279463, 
        1.6905044681212786, 
        1.7803391440175418, 
        1.7573046655486888, 
        1.6990693734710332, 
        1.7976030204486493, 
        1.8540912545309807, 
        1.6980789875878104, 
        1.7448152997382564, 
        1.782486926441742, 
        1.7579697242993872, 
        1.8201252382550255, 
        1.7669061003616033, 
        1.6857142411496049, 
        1.7059935005081761, 
        1.7342984458748978, 
        1.7193176546688991, 
        1.7259505529183878, 
        1.8154513567883237, 
        1.7125994840153733, 
        1.7884579577131712, 
        1.6930858910099249, 
        1.7242061288864718, 
        1.7073803238974643, 
        1.6493682996759447, 
        1.7510272164581078, 
        1.6725510600784286, 
        1.7079826718608351, 
        1.6379880419546726, 
        1.725544478962528, 
        1.720093299468298, 
        1.6759402416154761, 
        1.7960789435198401, 
        1.7460761778824239, 
        1.7375171298609102, 
        1.709416276512304, 
        1.7843289610069091, 
        1.7090606923280098, 
        1.67210741909729, 
        1.7583774755102117, 
        1.633769753122073, 
        1.7124984009599797, 
        1.6634013480724192, 
        1.7769118543397229, 
        1.6981053775492099, 
        1.6727172099515215, 
        1.7084006122210698, 
        1.7057034925885122, 
        1.6788928508806267, 
        1.7295826637448064, 
        1.6641722406200763, 
        1.7479789727583259, 
        1.7057356706346933, 
        1.7722061035821903, 
        1.7245344514567504, 
        1.5527801854717944, 
        1.6545851511370324, 
        1.7733101366937922, 
        1.6706268595031188, 
        1.6306747545340601, 
        1.5588760860396382, 
        1.748012599882697, 
        1.7562358615954299, 
        1.5694025039185806, 
        1.5919204712945065, 
        1.6624177973742826, 
        1.6687711250180983, 
        1.599028466459818, 
        1.7055174520404122, 
        1.7074516314590249, 
        1.5912899508336689, 
        1.6636897967053983, 
        1.7335018581161139, 
        1.703198805369605, 
        1.6826476281743514, 
        1.6954156959629902, 
        1.5840127583247168, 
        1.606081162980503, 
        1.7441059891191075, 
        1.6268005151027904, 
        1.7071421268821947, 
        1.7064012120993639, 
        1.6754664501224208, 
        1.6435208425124286, 
        1.6492058736840323, 
        1.7078418506297712, 
        1.6948378332026204
    ], 
    "reg": 0.0028, 
    "train_acc_history": [
        0.30499999999999999, 
        0.44500000000000001
    ], 
    "val_acc_history": [
        0.183, 
        0.40699999999999997
    ],